RowID,Year,Gender,Name
1,2014,Female,Abel
2,2014,Female,Abigail
3,2014,Female,Adalyn
4,2014,Female,Addison
5,2014,Female,Adeline
6,2014,Female,Adelynn
7,2014,Female,Adelynne
8,2014,Female,Adison
9,2014,Female,Adyson
10,2014,Female,Ahlam
11,2014,Female,Alaina
12,2014,Female,Alayna
13,2014,Female,Alea
14,2014,Female,Aleigha
15,2014,Female,Alexis
16,2014,Female,Alice
17,2014,Female,Alison
18,2014,Female,Alissa
19,2014,Female,Aliyah
20,2014,Female,Allie
21,2014,Female,Allison
22,2014,Female,Ally
23,2014,Female,Alyvia
24,2014,Female,Amber
25,2014,Female,Amelia
26,2014,Female,Amerie
27,2014,Female,Amiira
28,2014,Female,Amira
29,2014,Female,Anabella
30,2014,Female,Anaiah
31,2014,Female,Anastasyiella
32,2014,Female,Angel
33,2014,Female,Anika
34,2014,Female,Aniyah
35,2014,Female,Anna
36,2014,Female,Annabella
37,2014,Female,Annabelle
38,2014,Female,Annalise
39,2014,Female,Annie
40,2014,Female,Ari
41,2014,Female,Ariah
42,2014,Female,Ariana
43,2014,Female,Arianna
44,2014,Female,Artemia
45,2014,Female,Arya
46,2014,Female,Aselin
47,2014,Female,Ashley
48,2014,Female,Asiya
49,2014,Female,Aubree
50,2014,Female,Aubrey
51,2014,Female,Aubriella
52,2014,Female,Audrey
53,2014,Female,Audrianna
54,2014,Female,Aurora
55,2014,Female,Ava
56,2014,Female,Avah
57,2014,Female,Avalynn
58,2014,Female,Avary
59,2014,Female,Avelynn
60,2014,Female,Avery
61,2014,Female,Ayda
62,2014,Female,Ayla
63,2014,Female,Aziza
64,2014,Female,Babygirl
65,2014,Female,Baysley
66,2014,Female,Beighley
67,2014,Female,Bela
68,2014,Female,Belladonna
69,2014,Female,Betty
70,2014,Female,Bradlee
71,2014,Female,Braelynn
72,2014,Female,Braylyn
73,2014,Female,Bricelyn
74,2014,Female,Bridget
75,2014,Female,Brielle
76,2014,Female,Bristal
77,2014,Female,Brooke
78,2014,Female,Bryn
79,2014,Female,Brynn
80,2014,Female,Brystal
81,2014,Female,Bushra
82,2014,Female,Cally
83,2014,Female,Camara
84,2014,Female,Camille
85,2014,Female,Cara
86,2014,Female,Carly
87,2014,Female,Cassadee
88,2014,Female,Catherine
89,2014,Female,Chanell
90,2014,Female,Charlee
91,2014,Female,Charlie
92,2014,Female,Charlotte
93,2014,Female,Chelsea
94,2014,Female,Christina
95,2014,Female,Cielo
96,2014,Female,Claire
97,2014,Female,Clara
98,2014,Female,Claribelle
99,2014,Female,Cora
100,2014,Female,Courtlin
101,2014,Female,Cynthia
102,2014,Female,Daisy
103,2014,Female,Danielle
104,2014,Female,Dawsyn
105,2014,Female,Daytona
106,2014,Female,Delilah
107,2014,Female,Destiny
108,2014,Female,Diana
109,2014,Female,Dianaarely
110,2014,Female,Dreena
111,2014,Female,Eden
112,2014,Female,Elaine
113,2014,Female,Eleanor
114,2014,Female,Eleanore
115,2014,Female,Elenore
116,2014,Female,Eliana
117,2014,Female,Ella
118,2014,Female,Ellaleah
119,2014,Female,Elleanora
120,2014,Female,Ellie
121,2014,Female,Elliett
122,2014,Female,Elsa
123,2014,Female,Elydie
124,2014,Female,Emilia
125,2014,Female,Emily
126,2014,Female,Emma
127,2014,Female,Emmajean
128,2014,Female,Emry
129,2014,Female,Erika
130,2014,Female,Erin
131,2014,Female,Esjem
132,2014,Female,Eva
133,2014,Female,Evangeline
134,2014,Female,Evelyn
135,2014,Female,Everly
136,2014,Female,Evie
137,2014,Female,Faith
138,2014,Female,Fallon
139,2014,Female,Felicity
140,2014,Female,Florence
141,2014,Female,Gabriella
142,2014,Female,Gemma
143,2014,Female,Genesis
144,2014,Female,Georgia
145,2014,Female,Grace
146,2014,Female,Gracelynn
147,2014,Female,Greta
148,2014,Female,Gaudalupe
149,2014,Female,Hadley
150,2014,Female,Hafsa
151,2014,Female,Hailey
152,2014,Female,Halle
153,2014,Female,Hannah
154,2014,Female,Harmony
155,2014,Female,Harper
156,2014,Female,Hawra
157,2014,Female,Hazel
158,2014,Female,Helaina
159,2014,Female,Ida
160,2014,Female,Indigo
161,2014,Female,Irie
162,2014,Female,Isabel
163,2014,Female,Isabella
164,2014,Female,Isabelle
165,2014,Female,Isra
166,2014,Female,Italia
167,2014,Female,Ivory
168,2014,Female,Izabella
169,2014,Female,Izabelle
170,2014,Female,Jalaya
171,2014,Female,Janice
172,2014,Female,Jasmine
173,2014,Female,Jaxynmae
174,2014,Female,Jayda
175,2014,Female,Jessa
176,2014,Female,Jimena
177,2014,Female,Joanna
178,2014,Female,Joella
179,2014,Female,Jordyn
180,2014,Female,Josie
181,2014,Female,Jovie
182,2014,Female,Julianna
183,2014,Female,Juniper
184,2014,Female,Kaelyn
185,2014,Female,Kaelynn
186,2014,Female,Kailana
187,2014,Female,Kailey
188,2014,Female,Karli
189,2014,Female,Katianna
190,2014,Female,Kaylee
191,2014,Female,Keira
192,2014,Female,Kendall
193,2014,Female,Kendle
194,2014,Female,Kendra
195,2014,Female,Kennedy
196,2014,Female,Keyura
197,2014,Female,Kianna
198,2014,Female,Kiara
199,2014,Female,Kinley
200,2014,Female,Kinslee
201,2014,Female,Kjerstin
202,2014,Female,Kowsar
203,2014,Female,Kyla
204,2014,Female,Kyndal
205,2014,Female,Kynzie
206,2014,Female,Lainee
207,2014,Female,Lauren
208,2014,Female,Layla
209,2014,Female,Leah
210,2014,Female,Leila
211,2014,Female,Lejla
212,2014,Female,Lelaina
213,2014,Female,Lexi
214,2014,Female,Lexis
215,2014,Female,Liberty
216,2014,Female,Lillian
217,2014,Female,Lillianna
218,2014,Female,Lilly
219,2014,Female,Lillylynn
220,2014,Female,Lilyahna
221,2014,Female,Lilykaye
222,2014,Female,Locklynn
223,2014,Female,Londyn
224,2014,Female,Lucy
225,2014,Female,Luna
226,2014,Female,Luxlyn
227,2014,Female,Lydia
228,2014,Female,Mackenzie
229,2014,Female,Macy
230,2014,Female,Madalynn
231,2014,Female,Madeline
232,2014,Female,Madelyn
233,2014,Female,Madison
234,2014,Female,Madysen
235,2014,Female,Magdalynn
236,2014,Female,Maija
237,2014,Female,Makenna
238,2014,Female,Malak
239,2014,Female,Malihamehreen
240,2014,Female,Mandeq
241,2014,Female,Maria
242,2014,Female,Mattison
243,2014,Female,Maya
244,2014,Female,Michelle
245,2014,Female,Mikynlee
246,2014,Female,Milah
247,2014,Female,Millie
248,2014,Female,Mira
249,2014,Female,Miranda
250,2014,Female,Molly
251,2014,Female,Monica
252,2014,Female,Moriah
253,2014,Female,Muzan
254,2014,Female,Mya
255,2014,Female,Myla
256,2014,Female,Myra
257,2014,Female,Najma
258,2014,Female,Naomi
259,2014,Female,Natalie
260,2014,Female,Nayeli
261,2014,Female,Nicolette
262,2014,Female,Nora
263,2014,Female,Nova
264,2014,Female,Nuhamin
265,2014,Female,Nya
266,2014,Female,Olive
267,2014,Female,Olivia
268,2014,Female,Onna
269,2014,Female,Payton
270,2014,Female,Pendo
271,2014,Female,Peyton
272,2014,Female,Piper
273,2014,Female,Princessaaliyah
274,2014,Female,Priscilla
275,2014,Female,Quinn
276,2014,Female,Rachel
277,2014,Female,Raegan
278,2014,Female,Raelyn
279,2014,Female,Raya
280,2014,Female,Rayna
281,2014,Female,Rayonna
282,2014,Female,Reagan
283,2014,Female,Reena
284,2014,Female,Remi
285,2014,Female,Rihaam
286,2014,Female,Rosaly
287,2014,Female,Rose
288,2014,Female,Rugaya
289,2014,Female,Ryann
290,2014,Female,Saberin
291,2014,Female,Sabrina
292,2014,Female,Samia
293,2014,Female,Samra
294,2014,Female,Sapphire
295,2014,Female,Savannah
296,2014,Female,Shaela
297,2014,Female,Shaley
298,2014,Female,Shannon
299,2014,Female,Shelby
300,2014,Female,Sheyanne
301,2014,Female,Sidney
302,2014,Female,Sienna
303,2014,Female,Sierra
304,2014,Female,Silva
305,2014,Female,Silver
306,2014,Female,Sloane
307,2014,Female,Sofia
308,2014,Female,Solara
309,2014,Female,Sophia
310,2014,Female,Stella
311,2014,Female,Sumayo
312,2014,Female,Suwayba
313,2014,Female,Sydnee
314,2014,Female,Sytha
315,2014,Female,Teagen
316,2014,Female,Temperance
317,2014,Female,Tessa
318,2014,Female,Toluwanimi
319,2014,Female,Trinity
320,2014,Female,Tzipporah
321,2014,Female,V
322,2014,Female,Valeria
323,2014,Female,Vannarie
324,2014,Female,Veniah
325,2014,Female,Victoria
326,2014,Female,Violet
327,2014,Female,Whitney
328,2014,Female,Wilhelmina
329,2014,Female,Willa
330,2014,Female,Willalina
331,2014,Female,Willow
332,2014,Female,Yusra
333,2014,Female,Zahayrah
334,2014,Female,Zayda
335,2014,Female,Zoe
336,2014,Female,Zoey
337,2014,Male,Abdirahman
338,2014,Male,Abdullahi
339,2014,Male,Abel
340,2014,Male,Abram
341,2014,Male,Aden
342,2014,Male,Adrian
343,2014,Male,Ahmed
344,2014,Male,Aidan
345,2014,Male,Aiden
346,2014,Male,Akram
347,2014,Male,Alex
348,2014,Male,Alexandor
349,2014,Male,Amro
350,2014,Male,Angel
351,2014,Male,Antonio
352,2014,Male,Archie
353,2014,Male,Ariel
354,2014,Male,Armin
355,2014,Male,Asaad
356,2014,Male,Axel
357,2014,Male,Azariah
358,2014,Male,Azeem
359,2014,Male,Aziah
360,2014,Male,Babyboy
361,2014,Male,Baraa
362,2014,Male,Barack
363,2014,Male,Beau
364,2014,Male,Beckett
365,2014,Male,Benjamin
366,2014,Male,Bennett
367,2014,Male,Bentlee
368,2014,Male,Bentley
369,2014,Male,Bergen
370,2014,Male,Bishop
371,2014,Male,Blake
372,2014,Male,Blayne
373,2014,Male,Boesen
374,2014,Male,Braxton
375,2014,Male,Brayden
376,2014,Male,Braysen
377,2014,Male,Brennan
378,2014,Male,Brennick
379,2014,Male,Brody
380,2014,Male,Brooks
381,2014,Male,Bryce
382,2014,Male,Bunleap
383,2014,Male,Caine
384,2014,Male,Caito
385,2014,Male,Caleb
386,2014,Male,Calin
387,2014,Male,Callan
388,2014,Male,Calvin
389,2014,Male,Cameron
390,2014,Male,Cannon
391,2014,Male,Carlos
392,2014,Male,Carmine
393,2014,Male,Carson
394,2014,Male,Carsyn
395,2014,Male,Carter
396,2014,Male,Chance
397,2014,Male,Chase
398,2014,Male,Christian
399,2014,Male,Christopher
400,2014,Male,Clayton
401,2014,Male,Coleston
402,2014,Male,Colin
403,2014,Male,Collin
404,2014,Male,Colter
405,2014,Male,Colton
406,2014,Male,Connor
407,2014,Male,Cooper
408,2014,Male,Corbin
409,2014,Male,Corbyn
410,2014,Male,Cullen
411,2014,Male,Cyrus
412,2014,Male,Daijarrion
413,2014,Male,Dakota
414,2014,Male,Dalton
415,2014,Male,Damien
416,2014,Male,Daryl
417,2014,Male,David
418,2014,Male,Davidwilson
419,2014,Male,Davin
420,2014,Male,Davion
421,2014,Male,Daytona
422,2014,Male,Dayvon
423,2014,Male,Deacon
424,2014,Male,Dempsey
425,2014,Male,Deng
426,2014,Male,Deonta
427,2014,Male,Derek
428,2014,Male,Devasi
429,2014,Male,Devin
430,2014,Male,Devious
431,2014,Male,Dexter
432,2014,Male,Dmoni
433,2014,Male,Duncan
434,2014,Male,Dylan
435,2014,Male,Easton
436,2014,Male,Edison
437,2014,Male,Eli
438,2014,Male,Elias
439,2014,Male,Elijah
440,2014,Male,Elliott
441,2014,Male,Embrick
442,2014,Male,Emmett
443,2014,Male,Eric
444,2014,Male,Ernest
445,2014,Male,Espen
446,2014,Male,Ethan
447,2014,Male,Evan
448,2014,Male,Everett
449,2014,Male,Ezra
450,2014,Male,Felipe
451,2014,Male,Finn
452,2014,Male,Finnegan
453,2014,Male,Firas
454,2014,Male,Ford
455,2014,Male,Franklin
456,2014,Male,Fritz
457,2014,Male,Gabriel
458,2014,Male,Gage
459,2014,Male,Garret
460,2014,Male,Garrison
461,2014,Male,Gaspar
462,2014,Male,Gavin
463,2014,Male,Gion
464,2014,Male,Graham
465,2014,Male,Grant
466,2014,Male,Grayson
467,2014,Male,Greyson
468,2014,Male,Guthrie
469,2014,Male,Harrison
470,2014,Male,Heero
471,2014,Male,Hendrick
472,2014,Male,Henrik
473,2014,Male,Henry
474,2014,Male,Hosea
475,2014,Male,Huckly
476,2014,Male,Hudson
477,2014,Male,Hudsyn
478,2014,Male,Ian
479,2014,Male,Iliya
480,2014,Male,Isaac
481,2014,Male,Ishmael
482,2014,Male,Ismail
483,2014,Male,Issa
484,2014,Male,Jace
485,2014,Male,Jack
486,2014,Male,Jackson
487,2014,Male,Jacob
488,2014,Male,Jaime
489,2014,Male,Jakai
490,2014,Male,James
491,2014,Male,Jared
492,2014,Male,Jase
493,2014,Male,Jason
494,2014,Male,Jaxon
495,2014,Male,Jaxson
496,2014,Male,Jaxtin
497,2014,Male,Jaxton
498,2014,Male,Jayce
499,2014,Male,Jayden
500,2014,Male,Jeffrey
501,2014,Male,Jeremiah
502,2014,Male,Joaquin
503,2014,Male,Joel
504,2014,Male,John
505,2014,Male,Jolasa
506,2014,Male,Jonathan
507,2014,Male,Joseph
508,2014,Male,Joshua
509,2014,Male,Josiah
510,2014,Male,Jostin
511,2014,Male,Jove
512,2014,Male,Juan
513,2014,Male,Jude
514,2014,Male,Justice
515,2014,Male,Kade
516,2014,Male,Kaden
517,2014,Male,Kael
518,2014,Male,Kai
519,2014,Male,Kaiden
520,2014,Male,Kalixx
521,2014,Male,Kash
522,2014,Male,Keelan
523,2014,Male,Keenan
524,2014,Male,Kellan
525,2014,Male,Kellen
526,2014,Male,Kentrell
527,2014,Male,Kevion
528,2014,Male,Khalid
529,2014,Male,Killian
530,2014,Male,King
531,2014,Male,Kingsley
532,2014,Male,Kolton
533,2014,Male,Korbyn
534,2014,Male,Kovin
535,2014,Male,Kuol
536,2014,Male,Kye
537,2014,Male,Landon
538,2014,Male,Layne
539,2014,Male,Lamarco
540,2014,Male,Leo
541,2014,Male,Levi
542,2014,Male,Liam
543,2014,Male,Lincoln
544,2014,Male,Llewyn
545,2014,Male,Logan
546,2014,Male,Lorenzo
547,2014,Male,Lucas
548,2014,Male,Luke
549,2014,Male,Lyncoln
550,2014,Male,Lynkin
551,2014,Male,Malcolm
552,2014,Male,Maleek
553,2014,Male,Marcello
554,2014,Male,Marcus
555,2014,Male,Marek
556,2014,Male,Marik
557,2014,Male,Mark
558,2014,Male,Marshall
559,2014,Male,Mason
560,2014,Male,Mateo
561,2014,Male,Matthew
562,2014,Male,Maverick
563,2014,Male,Max
564,2014,Male,Mayson
565,2014,Male,Mazin
566,2014,Male,Micah
567,2014,Male,Michael
568,2014,Male,Mikah
569,2014,Male,Milo
570,2014,Male,Mohamed
571,2014,Male,Mucad
572,2014,Male,Muscab
573,2014,Male,Naim
574,2014,Male,Nash
575,2014,Male,Nathaniel
576,2014,Male,Nikko
577,2014,Male,Noah
578,2014,Male,Oakley
579,2014,Male,Oliver
580,2014,Male,Owen
581,2014,Male,Parker
582,2014,Male,Paul
583,2014,Male,Phomvilai
584,2014,Male,Pierce
585,2014,Male,Porter
586,2014,Male,Prince
587,2014,Male,Quentin
588,2014,Male,Rafe
589,2014,Male,Reed
590,2014,Male,Reid
591,2014,Male,Reo
592,2014,Male,Reuben
593,2014,Male,Rhett
594,2014,Male,Ricardo
595,2014,Male,Riley
596,2014,Male,Robert
597,2014,Male,Roderic
598,2014,Male,Roman
599,2014,Male,Romeo
600,2014,Male,Rorrik
601,2014,Male,Ryan
602,2014,Male,Ryker
603,2014,Male,Saeed
604,2014,Male,Samuel
605,2014,Male,Santiago
606,2014,Male,Sawyer
607,2014,Male,Scotlan
608,2014,Male,Sebastian
609,2014,Male,Seth
610,2014,Male,Sevastian
611,2014,Male,Shalom
612,2014,Male,Shane
613,2014,Male,Shepherd
614,2014,Male,Sherman
615,2014,Male,Simon
616,2014,Male,Sylas
617,2014,Male,Tatum
618,2014,Male,Tayvin
619,2014,Male,Thatcher
620,2014,Male,Theo
621,2014,Male,Thomas
622,2014,Male,Thoran
623,2014,Male,Trinnis
624,2014,Male,Tristan
625,2014,Male,Trustin
626,2014,Male,Tucker
627,2014,Male,Tyler
628,2014,Male,Tyson
629,2014,Male,Uriel
630,2014,Male,Victor
631,2014,Male,Wells
632,2014,Male,Wesley
633,2014,Male,William
634,2014,Male,Wyatt
635,2014,Male,Xavier
636,2014,Male,Xxander
637,2014,Male,Yaqub
638,2014,Male,Yohan
639,2014,Male,Zachary
640,2014,Male,Zain
641,2014,Male,Zakkary
642,2014,Male,Zane
643,2014,Male,Zayden
